<?xml version="1.0" encoding="windows-1252" ?>
<!DOCTYPE Association SYSTEM "jbo_03_01.dtd">
<!---->
<Association
  xmlns="http://xmlns.oracle.com/bc4j"
  Name="EmpDeptFkAssoc"
  Version="12.1.2.62.11"
  InheritPersonalization="true">
  <DesignTime>
    <Attr Name="_isCodegen" Value="true"/>
  </DesignTime>
  <AssociationEnd
    Name="DepartmentEO1"
    Cardinality="1"
    Source="true"
    Owner="com.packtpub.adfguide.ch9.model.entity.DepartmentEO">
    <DesignTime>
      <Attr Name="_aggregation" Value="0"/>
      <Attr Name="_finderName" Value="DepartmentEO1"/>
      <Attr Name="_foreignKey" Value="com.packtpub.adfguide.ch9.model.entity.DepartmentEO.DeptIdPk"/>
      <Attr Name="_isUpdateable" Value="true"/>
    </DesignTime>
    <AttrArray Name="Attributes">
      <Item Value="com.packtpub.adfguide.ch9.model.entity.DepartmentEO.DepartmentId"/>
    </AttrArray>
  </AssociationEnd>
  <AssociationEnd
    Name="EmployeeEO1"
    Cardinality="-1"
    Owner="com.packtpub.adfguide.ch9.model.entity.EmployeeEO">
    <DesignTime>
      <Attr Name="_aggregation" Value="0"/>
      <Attr Name="_finderName" Value="EmployeeEO1"/>
      <Attr Name="_foreignKey" Value="com.packtpub.adfguide.ch9.model.entity.EmployeeEO.EmpDeptFk"/>
      <Attr Name="_isUpdateable" Value="true"/>
    </DesignTime>
    <AttrArray Name="Attributes">
      <Item Value="com.packtpub.adfguide.ch9.model.entity.EmployeeEO.DepartmentId"/>
    </AttrArray>
  </AssociationEnd>
</Association>
