<?xml version="1.0" encoding="UTF-8" ?>
<pageDefinition xmlns="http://xmlns.oracle.com/adfm/uimodel" version="12.1.2.62.11" id="empDetailPageDef"
                Package="dynamic" DynamicEventSubscriptions="true">
  <parameters/>
  <executables>
    <variableIterator id="variables"/>
    <iterator Binds="Employees" RangeSize="25" DataControl="HRServiceAppModuleDataControl" id="EmployeesIterator"
              ChangeEventPolicy="ppr"/>
  </executables>
  <bindings>
    <attributeValues IterBinding="EmployeesIterator" id="EmployeeId">
      <AttrNames>
        <Item Value="EmployeeId"/>
      </AttrNames>
    </attributeValues>
    <attributeValues IterBinding="EmployeesIterator" id="FirstName">
      <AttrNames>
        <Item Value="FirstName"/>
      </AttrNames>
    </attributeValues>
    <attributeValues IterBinding="EmployeesIterator" id="LastName">
      <AttrNames>
        <Item Value="LastName"/>
      </AttrNames>
    </attributeValues>
    <attributeValues IterBinding="EmployeesIterator" id="Email">
      <AttrNames>
        <Item Value="Email"/>
      </AttrNames>
    </attributeValues>
    <attributeValues IterBinding="EmployeesIterator" id="PhoneNumber">
      <AttrNames>
        <Item Value="PhoneNumber"/>
      </AttrNames>
    </attributeValues>
    <attributeValues IterBinding="EmployeesIterator" id="HireDate">
      <AttrNames>
        <Item Value="HireDate"/>
      </AttrNames>
    </attributeValues>
    <attributeValues IterBinding="EmployeesIterator" id="JobId">
      <AttrNames>
        <Item Value="JobId"/>
      </AttrNames>
    </attributeValues>
    <attributeValues IterBinding="EmployeesIterator" id="Salary">
      <AttrNames>
        <Item Value="Salary"/>
      </AttrNames>
    </attributeValues>
    <attributeValues IterBinding="EmployeesIterator" id="CommissionPct">
      <AttrNames>
        <Item Value="CommissionPct"/>
      </AttrNames>
    </attributeValues>
    <attributeValues IterBinding="EmployeesIterator" id="ManagerId">
      <AttrNames>
        <Item Value="ManagerId"/>
      </AttrNames>
    </attributeValues>
    <attributeValues IterBinding="EmployeesIterator" id="DepartmentId">
      <AttrNames>
        <Item Value="DepartmentId"/>
      </AttrNames>
    </attributeValues>
    <action IterBinding="EmployeesIterator" id="First" RequiresUpdateModel="true" Action="first"/>
    <action IterBinding="EmployeesIterator" id="Previous" RequiresUpdateModel="true" Action="previous"/>
    <action IterBinding="EmployeesIterator" id="Next" RequiresUpdateModel="true" Action="next"/>
    <action IterBinding="EmployeesIterator" id="Last" RequiresUpdateModel="true" Action="last"/>
  </bindings>
</pageDefinition>
