<?xml version="1.0" encoding="windows-1252" ?>
<!DOCTYPE Entity SYSTEM "jbo_03_01.dtd">
<!---->
<Entity
  xmlns="http://xmlns.oracle.com/bc4j"
  Name="EmployeeMVEO"
  Version="11.1.2.60.81"
  DBObjectType="MATERIALIZED VIEW"
  DBObjectName="HR.EMPLOYEEMVIEW"
  AliasName="EmployeeMVEO"
  BindingStyle="OracleName"
  UseGlueCode="false">
  <Attribute
    Name="EmployeeId"
    IsNotNull="true"
    Precision="6"
    Scale="0"
    ColumnName="EMPLOYEE_ID"
    SQLType="NUMERIC"
    Type="java.lang.Integer"
    ColumnType="NUMBER"
    TableName="HR.EMPLOYEEMVIEW"
    PrimaryKey="true"/>
  <Attribute
    Name="FirstName"
    Precision="20"
    ColumnName="FIRST_NAME"
    SQLType="VARCHAR"
    Type="java.lang.String"
    ColumnType="VARCHAR2"
    TableName="HR.EMPLOYEEMVIEW">
    <DesignTime>
      <Attr Name="_DisplaySize" Value="20"/>
    </DesignTime>
  </Attribute>
  <Attribute
    Name="LastName"
    IsNotNull="true"
    Precision="25"
    ColumnName="LAST_NAME"
    SQLType="VARCHAR"
    Type="java.lang.String"
    ColumnType="VARCHAR2"
    TableName="HR.EMPLOYEEMVIEW">
    <DesignTime>
      <Attr Name="_DisplaySize" Value="25"/>
    </DesignTime>
  </Attribute>
  <Attribute
    Name="Email"
    IsNotNull="true"
    Precision="25"
    ColumnName="EMAIL"
    SQLType="VARCHAR"
    Type="java.lang.String"
    ColumnType="VARCHAR2"
    TableName="HR.EMPLOYEEMVIEW">
    <DesignTime>
      <Attr Name="_DisplaySize" Value="25"/>
    </DesignTime>
  </Attribute>
  <Attribute
    Name="PhoneNumber"
    Precision="20"
    ColumnName="PHONE_NUMBER"
    SQLType="VARCHAR"
    Type="java.lang.String"
    ColumnType="VARCHAR2"
    TableName="HR.EMPLOYEEMVIEW">
    <DesignTime>
      <Attr Name="_DisplaySize" Value="20"/>
    </DesignTime>
  </Attribute>
  <Attribute
    Name="HireDate"
    IsNotNull="true"
    ColumnName="HIRE_DATE"
    SQLType="DATE"
    Type="oracle.jbo.domain.Timestamp"
    ColumnType="DATE"
    TableName="HR.EMPLOYEEMVIEW"/>
  <Attribute
    Name="JobId"
    IsNotNull="true"
    Precision="10"
    ColumnName="JOB_ID"
    SQLType="VARCHAR"
    Type="java.lang.String"
    ColumnType="VARCHAR2"
    TableName="HR.EMPLOYEEMVIEW">
    <DesignTime>
      <Attr Name="_DisplaySize" Value="10"/>
    </DesignTime>
  </Attribute>
  <Attribute
    Name="Salary"
    Precision="8"
    Scale="2"
    ColumnName="SALARY"
    SQLType="NUMERIC"
    Type="java.math.BigDecimal"
    ColumnType="NUMBER"
    TableName="HR.EMPLOYEEMVIEW"/>
  <Attribute
    Name="CommissionPct"
    Precision="2"
    Scale="2"
    ColumnName="COMMISSION_PCT"
    SQLType="NUMERIC"
    Type="java.math.BigDecimal"
    ColumnType="NUMBER"
    TableName="HR.EMPLOYEEMVIEW"/>
  <Attribute
    Name="ManagerId"
    Precision="6"
    Scale="0"
    ColumnName="MANAGER_ID"
    SQLType="NUMERIC"
    Type="java.lang.Integer"
    ColumnType="NUMBER"
    TableName="HR.EMPLOYEEMVIEW"/>
  <Attribute
    Name="DepartmentId"
    Precision="4"
    Scale="0"
    ColumnName="DEPARTMENT_ID"
    SQLType="NUMERIC"
    Type="java.lang.Integer"
    ColumnType="NUMBER"
    TableName="HR.EMPLOYEEMVIEW"/>
  <Key
    Name="EmployeemveoPrimaryKey"
    PrimaryKey="true">
    <DesignTime>
      <Attr Name="_DBObjectName" Value="EMPLOYEEMVEO_PRIMARY_KEY"/>
    </DesignTime>
    <AttrArray Name="Attributes">
      <Item Value="com.packtpub.adfguide.ch3.model.entity.datasource.EmployeeMVEO.EmployeeId"/>
    </AttrArray>
  </Key>
</Entity>
