<?xml version="1.0" encoding="windows-1252" ?>
<!DOCTYPE Entity SYSTEM "jbo_03_01.dtd">
<!---->
<Entity
  xmlns="http://xmlns.oracle.com/bc4j"
  Name="DepartmentEO"
  Version="11.1.2.61.83"
  DBObjectType="TABLE"
  DBObjectName="HR.DEPARTMENTS"
  AliasName="DepartmentEO"
  BindingStyle="OracleName"
  UseGlueCode="false">
  <Attribute
    Name="DepartmentId"
    IsNotNull="true"
    Precision="4"
    Scale="0"
    ColumnName="DEPARTMENT_ID"
    SQLType="NUMERIC"
    Type="java.lang.Integer"
    ColumnType="NUMBER"
    TableName="HR.DEPARTMENTS"
    PrimaryKey="true"/>
  <Attribute
    Name="DepartmentName"
    IsNotNull="true"
    Precision="30"
    ColumnName="DEPARTMENT_NAME"
    SQLType="VARCHAR"
    Type="java.lang.String"
    ColumnType="VARCHAR2"
    TableName="HR.DEPARTMENTS">
    <DesignTime>
      <Attr Name="_DisplaySize" Value="30"/>
    </DesignTime>
  </Attribute>
  <Attribute
    Name="ManagerId"
    Precision="6"
    Scale="0"
    ColumnName="MANAGER_ID"
    SQLType="NUMERIC"
    Type="java.lang.Integer"
    ColumnType="NUMBER"
    TableName="HR.DEPARTMENTS"/>
  <Attribute
    Name="LocationId"
    Precision="4"
    Scale="0"
    ColumnName="LOCATION_ID"
    SQLType="NUMERIC"
    Type="java.lang.Integer"
    ColumnType="NUMBER"
    TableName="HR.DEPARTMENTS"/>
  <AccessorAttribute
    Name="EmployeeEO"
    Association="com.packtpub.adfguide.model.DeptMgrFkAssoc"
    AssociationEnd="com.packtpub.adfguide.model.DeptMgrFkAssoc.EmployeeEO"
    AssociationOtherEnd="com.packtpub.adfguide.model.DeptMgrFkAssoc.DepartmentEO"
    Type="oracle.jbo.server.EntityImpl"
    IsUpdateable="true"/>
  <AccessorAttribute
    Name="EmployeeEO1"
    Association="com.packtpub.adfguide.model.EmpDeptFkAssoc"
    AssociationEnd="com.packtpub.adfguide.model.EmpDeptFkAssoc.EmployeeEO1"
    AssociationOtherEnd="com.packtpub.adfguide.model.EmpDeptFkAssoc.DepartmentEO1"
    Type="oracle.jbo.RowIterator"
    IsUpdateable="false"/>
  <Key
    Name="DeptIdPk"
    PrimaryKey="true">
    <DesignTime>
      <Attr Name="_DBObjectName" Value="DEPT_ID_PK"/>
    </DesignTime>
    <AttrArray Name="Attributes">
      <Item Value="com.packtpub.adfguide.model.DepartmentEO.DepartmentId"/>
    </AttrArray>
  </Key>
  <Key
    Name="DeptLocFk">
    <DesignTime>
      <Attr Name="_referencedKey" Value="LOC_ID_PK"/>
      <Attr Name="_isForeign" Value="true"/>
      <Attr Name="_DBObjectName" Value="DEPT_LOC_FK"/>
    </DesignTime>
    <AttrArray Name="Attributes">
      <Item Value="com.packtpub.adfguide.model.DepartmentEO.LocationId"/>
    </AttrArray>
  </Key>
  <Key
    Name="DeptMgrFk">
    <DesignTime>
      <Attr Name="_referencedKey" Value="EMP_EMP_ID_PK"/>
      <Attr Name="_isForeign" Value="true"/>
      <Attr Name="_DBObjectName" Value="DEPT_MGR_FK"/>
    </DesignTime>
    <AttrArray Name="Attributes">
      <Item Value="com.packtpub.adfguide.model.DepartmentEO.ManagerId"/>
    </AttrArray>
  </Key>
</Entity>
