<?xml version="1.0" encoding="windows-1252" ?>
<!DOCTYPE Association SYSTEM "jbo_03_01.dtd">
<!---->
<Association
  xmlns="http://xmlns.oracle.com/bc4j"
  Name="DeptMgrFkAssoc"
  Version="11.1.2.61.83">
  <DesignTime>
    <Attr Name="_isCodegen" Value="true"/>
  </DesignTime>
  <AssociationEnd
    Name="EmployeeEO"
    Cardinality="1"
    Source="true"
    Owner="com.packtpub.adfguide.model.EmployeeEO">
    <DesignTime>
      <Attr Name="_aggregation" Value="0"/>
      <Attr Name="_finderName" Value="EmployeeEO"/>
      <Attr Name="_foreignKey" Value="com.packtpub.adfguide.model.EmployeeEO.EmpEmpIdPk"/>
      <Attr Name="_isUpdateable" Value="true"/>
    </DesignTime>
    <AttrArray Name="Attributes">
      <Item Value="com.packtpub.adfguide.model.EmployeeEO.EmployeeId"/>
    </AttrArray>
  </AssociationEnd>
  <AssociationEnd
    Name="DepartmentEO"
    Cardinality="-1"
    Owner="com.packtpub.adfguide.model.DepartmentEO">
    <DesignTime>
      <Attr Name="_aggregation" Value="0"/>
      <Attr Name="_finderName" Value="DepartmentEO"/>
      <Attr Name="_foreignKey" Value="com.packtpub.adfguide.model.DepartmentEO.DeptMgrFk"/>
      <Attr Name="_isUpdateable" Value="true"/>
    </DesignTime>
    <AttrArray Name="Attributes">
      <Item Value="com.packtpub.adfguide.model.DepartmentEO.ManagerId"/>
    </AttrArray>
  </AssociationEnd>
</Association>
