<?xml version="1.0" encoding="windows-1252" ?>
<!DOCTYPE AppModule SYSTEM "jbo_03_01.dtd">
<!---->
<AppModule
  xmlns="http://xmlns.oracle.com/bc4j"
  Name="HRServiceAppModule"
  Version="11.1.2.61.83"
  ClearCacheOnRollback="true"
  ComponentClass="com.packtpub.adfguide.model.HRServiceAppModuleImpl"
  ComponentInterface="com.packtpub.adfguide.model.common.HRServiceAppModule"
  ClientProxyName="com.packtpub.adfguide.model.client.HRServiceAppModuleClient">
  <DesignTime>
    <Attr Name="_isCodegen" Value="true"/>
  </DesignTime>
  <Properties>
    <SchemaBasedProperties>
      <LABEL
        ResId="com.packtpub.adfguide.model.HRServiceAppModule_LABEL"/>
    </SchemaBasedProperties>
  </Properties>
  <ViewUsage
    Name="Departments"
    ViewObjectName="com.packtpub.adfguide.model.DepartmentVO"/>
  <ViewUsage
    Name="DepartmentUpdtableVO1"
    ViewObjectName="com.packtpub.adfguide.model.DepartmentUpdtableVO"/>
  <ResourceBundle>
    <PropertiesBundle
      PropertiesFile="com.packtpub.adfguide.model.HRDataModelBundle"/>
  </ResourceBundle>
  <ClientInterface>
    <Method
      Name="buildDynamicDeptViewCompAndAddtoAM"
      MethodName="buildDynamicDeptViewCompAndAddtoAM">
      <Return
        Type="void"/>
    </Method>
    <Method
      Name="createCompositeDeptEmpVO"
      MethodName="createCompositeDeptEmpVO">
      <Return
        Type="void"/>
    </Method>
    <Method
      Name="nestAMIfRequiredAndInvokeMethod"
      MethodName="nestAMIfRequiredAndInvokeMethod">
      <Return
        Type="void"/>
    </Method>
  </ClientInterface>
</AppModule>
