<?xml version="1.0" encoding="windows-1252" ?>
<!DOCTYPE AppModule SYSTEM "jbo_03_01.dtd">
<!---->
<AppModule
  xmlns="http://xmlns.oracle.com/bc4j"
  Name="HRServiceAppModule"
  Version="11.1.2.61.83"
  ComponentClass="com.packtpub.adfguide.ch3.model.service.HRServiceAppModuleImpl"
  ClearCacheOnRollback="true"
  ComponentInterface="com.packtpub.adfguide.ch3.model.service.common.HRServiceAppModule"
  ClientProxyName="com.packtpub.adfguide.ch3.model.service.client.HRServiceAppModuleClient">
  <DesignTime>
    <Attr Name="_isCodegen" Value="true"/>
  </DesignTime>
  <Properties>
    <SchemaBasedProperties>
      <LABEL
        ResId="com.packtpub.adfguide.ch3.model.service.HRServiceAppModule_LABEL"/>
    </SchemaBasedProperties>
  </Properties>
  <ViewUsage
    Name="MarketingBaseEmployeeEOView1"
    ViewObjectName="com.packtpub.adfguide.ch3.model.view.inheritance.MarketingBaseEmployeeVO"/>
  <ViewUsage
    Name="SalesSubEmployeeEOView1"
    ViewObjectName="com.packtpub.adfguide.ch3.model.view.inheritance.SalesSubEmployeeVO"/>
  <ViewUsage
    Name="ExecutiveSubEmployeeEOView1"
    ViewObjectName="com.packtpub.adfguide.ch3.model.view.inheritance.ExecutiveSubEmployeeVO"/>
  <ViewUsage
    Name="EmployeeDBViewVO1"
    ViewObjectName="com.packtpub.adfguide.ch3.model.view.EmployeeDBViewVO"/>
  <ViewUsage
    Name="EmployeeVO1"
    ViewObjectName="com.packtpub.adfguide.ch3.model.view.EmployeeVO"/>
  <ResourceBundle>
    <PropertiesBundle
      PropertiesFile="com.packtpub.adfguide.ch3.model.ModelBundle"/>
  </ResourceBundle>
  <ClientInterface>
    <Method
      Name="test"
      MethodName="test">
      <Return
        Type="void"/>
    </Method>
    <Method
      Name="commit"
      MethodName="commit">
      <Return
        Type="void"/>
    </Method>
    <Method
      Name="findDepeartmentAndEmployees"
      MethodName="findDepeartmentAndEmployees">
      <Return
        Type="void"/>
      <Parameter
        Name="deptId"
        Type="java.lang.Integer"/>
    </Method>
  </ClientInterface>
</AppModule>
