<?xml version="1.0" encoding="windows-1252" ?>
<!DOCTYPE Entity SYSTEM "jbo_03_01.dtd">
<!---->
<Entity
  xmlns="http://xmlns.oracle.com/bc4j"
  Name="ExecutiveEmployeeExEO"
  Version="11.1.2.60.81"
  Extends="com.packtpub.adfguide.ch4.model.entity.MarketingEmployeeGenericEO"
  DBObjectType="TABLE"
  DBObjectName="HR.EMPLOYEES"
  AliasName="MarketingEmployeeGenericEOEx"
  BindingStyle="OracleName"
  UseGlueCode="false"
  RowClass="com.packtpub.adfguide.ch4.model.entity.ExecutiveEmployeeExEOImpl">
  <DesignTime>
    <Attr Name="_isCodegen" Value="true"/>
  </DesignTime>
  <Attribute
    Name="Salary"
    Precision="8"
    Scale="2"
    ColumnName="SALARY"
    SQLType="NUMERIC"
    Type="java.math.BigDecimal"
    ColumnType="NUMBER"
    TableName="HR.EMPLOYEES"/>
  <Attribute
    Name="CommissionPct"
    Precision="2"
    Scale="2"
    ColumnName="COMMISSION_PCT"
    SQLType="NUMERIC"
    Type="java.math.BigDecimal"
    ColumnType="NUMBER"
    TableName="HR.EMPLOYEES"/>
  <Attribute
    Name="DepartmentId"
    DiscrColumn="true"
    DefaultValue="80"
    Precision="4"
    Scale="0"
    ColumnName="DEPARTMENT_ID"
    SQLType="NUMERIC"
    Type="java.lang.Integer"
    ColumnType="NUMBER"
    TableName="HR.EMPLOYEES">
    <DesignTime>
      <Attr Name="_OverrideAttr" Value="true"/>
    </DesignTime>
  </Attribute>
  <Key
    Name="EmpDeptFk1">
    <DesignTime>
      <Attr Name="_referencedKey" Value="DEPT_ID_PK"/>
      <Attr Name="_isForeign" Value="true"/>
      <Attr Name="_DBObjectName" Value="EMP_DEPT_FK"/>
    </DesignTime>
    <AttrArray Name="Attributes">
      <Item Value="com.packtpub.adfguide.ch4.model.entity.ExecutiveEmployeeExEO.DepartmentId"/>
    </AttrArray>
  </Key>
</Entity>
