<?xml version="1.0" encoding="windows-1252" ?>
<!DOCTYPE Entity SYSTEM "jbo_03_01.dtd">
<!---->
<Entity
  xmlns="http://xmlns.oracle.com/bc4j"
  Name="MarketingEmployeeGenericEO"
  Version="11.1.2.60.81"
  DBObjectType="TABLE"
  DBObjectName="HR.EMPLOYEES"
  AliasName="MarketingEmployeeGenericEO"
  BindingStyle="OracleName"
  UseGlueCode="false"
  RowClass="com.packtpub.adfguide.ch4.model.entity.MarketingEmployeeGenericEOImpl">
  <DesignTime>
    <Attr Name="_isCodegen" Value="true"/>
  </DesignTime>
  <Attribute
    Name="EmployeeId"
    IsNotNull="true"
    Precision="6"
    Scale="0"
    ColumnName="EMPLOYEE_ID"
    SQLType="NUMERIC"
    Type="java.lang.Integer"
    ColumnType="NUMBER"
    TableName="HR.EMPLOYEES"
    PrimaryKey="true"/>
  <Attribute
    Name="FirstName"
    Precision="20"
    ColumnName="FIRST_NAME"
    SQLType="VARCHAR"
    Type="java.lang.String"
    ColumnType="VARCHAR2"
    TableName="HR.EMPLOYEES">
    <DesignTime>
      <Attr Name="_DisplaySize" Value="20"/>
    </DesignTime>
  </Attribute>
  <Attribute
    Name="LastName"
    IsNotNull="true"
    Precision="25"
    ColumnName="LAST_NAME"
    SQLType="VARCHAR"
    Type="java.lang.String"
    ColumnType="VARCHAR2"
    TableName="HR.EMPLOYEES">
    <DesignTime>
      <Attr Name="_DisplaySize" Value="25"/>
    </DesignTime>
  </Attribute>
  <Attribute
    Name="Email"
    IsUnique="true"
    IsNotNull="true"
    Precision="25"
    ColumnName="EMAIL"
    SQLType="VARCHAR"
    Type="java.lang.String"
    ColumnType="VARCHAR2"
    TableName="HR.EMPLOYEES">
    <DesignTime>
      <Attr Name="_DisplaySize" Value="25"/>
    </DesignTime>
  </Attribute>
  <Attribute
    Name="PhoneNumber"
    Precision="20"
    ColumnName="PHONE_NUMBER"
    SQLType="VARCHAR"
    Type="java.lang.String"
    ColumnType="VARCHAR2"
    TableName="HR.EMPLOYEES">
    <DesignTime>
      <Attr Name="_DisplaySize" Value="20"/>
    </DesignTime>
  </Attribute>
  <Attribute
    Name="HireDate"
    IsNotNull="true"
    ColumnName="HIRE_DATE"
    SQLType="DATE"
    Type="oracle.jbo.domain.Timestamp"
    ColumnType="DATE"
    TableName="HR.EMPLOYEES"/>
  <Attribute
    Name="JobId"
    IsNotNull="true"
    Precision="10"
    ColumnName="JOB_ID"
    SQLType="VARCHAR"
    Type="java.lang.String"
    ColumnType="VARCHAR2"
    TableName="HR.EMPLOYEES">
    <DesignTime>
      <Attr Name="_DisplaySize" Value="10"/>
    </DesignTime>
  </Attribute>
  <Attribute
    Name="ManagerId"
    Precision="6"
    Scale="0"
    ColumnName="MANAGER_ID"
    SQLType="NUMERIC"
    Type="java.lang.Integer"
    ColumnType="NUMBER"
    TableName="HR.EMPLOYEES"/>
  <Attribute
    Name="DepartmentId"
    Precision="4"
    Scale="0"
    ColumnName="DEPARTMENT_ID"
    SQLType="NUMERIC"
    Type="java.lang.Integer"
    ColumnType="NUMBER"
    TableName="HR.EMPLOYEES"
    DiscrColumn="true"
    DefaultValue="20"/>
  <Key
    Name="EmpEmailUk">
    <DesignTime>
      <Attr Name="_isUnique" Value="true"/>
      <Attr Name="_DBObjectName" Value="EMP_EMAIL_UK"/>
    </DesignTime>
    <AttrArray Name="Attributes">
      <Item Value="com.packtpub.adfguide.ch4.model.entity.MarketingEmployeeGenericEO.Email"/>
    </AttrArray>
  </Key>
  <Key
    Name="EmpEmpIdPk"
    PrimaryKey="true">
    <DesignTime>
      <Attr Name="_DBObjectName" Value="EMP_EMP_ID_PK"/>
    </DesignTime>
    <AttrArray Name="Attributes">
      <Item Value="com.packtpub.adfguide.ch4.model.entity.MarketingEmployeeGenericEO.EmployeeId"/>
    </AttrArray>
  </Key>
  <Key
    Name="EmpDeptFk">
    <DesignTime>
      <Attr Name="_referencedKey" Value="DEPT_ID_PK"/>
      <Attr Name="_isForeign" Value="true"/>
      <Attr Name="_DBObjectName" Value="EMP_DEPT_FK"/>
    </DesignTime>
    <AttrArray Name="Attributes">
      <Item Value="com.packtpub.adfguide.ch4.model.entity.MarketingEmployeeGenericEO.DepartmentId"/>
    </AttrArray>
  </Key>
  <Key
    Name="EmpJobFk">
    <DesignTime>
      <Attr Name="_referencedKey" Value="JOB_ID_PK"/>
      <Attr Name="_isForeign" Value="true"/>
      <Attr Name="_DBObjectName" Value="EMP_JOB_FK"/>
    </DesignTime>
    <AttrArray Name="Attributes">
      <Item Value="com.packtpub.adfguide.ch4.model.entity.MarketingEmployeeGenericEO.JobId"/>
    </AttrArray>
  </Key>
  <Key
    Name="EmpManagerFk">
    <DesignTime>
      <Attr Name="_referencedKey" Value="EMP_EMP_ID_PK"/>
      <Attr Name="_isForeign" Value="true"/>
      <Attr Name="_DBObjectName" Value="EMP_MANAGER_FK"/>
    </DesignTime>
    <AttrArray Name="Attributes">
      <Item Value="com.packtpub.adfguide.ch4.model.entity.MarketingEmployeeGenericEO.ManagerId"/>
    </AttrArray>
  </Key>
</Entity>
