<?xml version="1.0" encoding="windows-1252" ?>
<!DOCTYPE Domain SYSTEM "jbo_03_01.dtd">
<!---->
<Domain
  xmlns="http://xmlns.oracle.com/bc4j"
  Name="PropertySet"
  Version="11.1.2.61.83">
  <DesignTime>
    <Attr Name="_isPersistent" Value="true"/>
    <Attr Name="_isQueriable" Value="true"/>
    <Attr Name="_isUpdateable" Value="true"/>
    <Attr Name="_isSelected" Value="true"/>
  </DesignTime>
  <ResourceBundle>
    <PropertiesBundle
      PropertiesFile="com.packtpub.adfguide.ch3.model.ModelBundle"/>
  </ResourceBundle>
  <Properties>
    <CustomProperties>
      <Property
        Name="UPDATE_CHECK_ENFORCED"
        Value="false"/>
    </CustomProperties>
  </Properties>
</Domain>
