<?xml version="1.0" encoding="windows-1252" ?>
<!DOCTYPE Entity SYSTEM "jbo_03_01.dtd">
<!---->
<Entity
  xmlns="http://xmlns.oracle.com/bc4j"
  Name="DepartmentEO"
  Version="11.1.2.61.83"
  DBObjectType="table"
  DBObjectName="DEPARTMENTS"
  AliasName="DepartmentEO"
  BindingStyle="OracleName"
  UseGlueCode="false"
  RowClass="com.packtpub.adfguide.ch14.model.entity.DepartmentEOImpl">
  <DesignTime>
    <Attr Name="_codeGenFlag2" Value="Access"/>
    <Attr Name="_isCodegen" Value="true"/>
  </DesignTime>
  <Attribute
    Name="DepartmentId"
    IsNotNull="true"
    Precision="4"
    Scale="0"
    ColumnName="DEPARTMENT_ID"
    SQLType="NUMERIC"
    Type="java.lang.Integer"
    ColumnType="NUMBER"
    TableName="DEPARTMENTS"
    PrimaryKey="true"/>
  <Attribute
    Name="DepartmentName"
    IsNotNull="true"
    Precision="30"
    ColumnName="DEPARTMENT_NAME"
    SQLType="VARCHAR"
    Type="java.lang.String"
    ColumnType="VARCHAR2"
    TableName="DEPARTMENTS">
    <DesignTime>
      <Attr Name="_DisplaySize" Value="30"/>
    </DesignTime>
  </Attribute>
  <Attribute
    Name="ManagerId"
    Precision="6"
    Scale="0"
    ColumnName="MANAGER_ID"
    SQLType="NUMERIC"
    Type="java.lang.Integer"
    ColumnType="NUMBER"
    TableName="DEPARTMENTS"/>
  <Attribute
    Name="LocationId"
    Precision="4"
    Scale="0"
    ColumnName="LOCATION_ID"
    SQLType="NUMERIC"
    Type="java.lang.Integer"
    ColumnType="NUMBER"
    TableName="DEPARTMENTS"/>
  <AccessorAttribute
    Name="EmployeeEO"
    Association="com.packtpub.adfguide.ch14.model.entity.assoc.DeptMgrFkAssoc"
    AssociationEnd="com.packtpub.adfguide.ch14.model.entity.assoc.DeptMgrFkAssoc.EmployeeEO"
    AssociationOtherEnd="com.packtpub.adfguide.ch14.model.entity.assoc.DeptMgrFkAssoc.DepartmentEO"
    Type="oracle.jbo.server.EntityImpl"
    IsUpdateable="true"/>
  <AccessorAttribute
    Name="EmployeeEO1"
    Association="com.packtpub.adfguide.ch14.model.entity.assoc.EmpDeptFkAssoc"
    AssociationEnd="com.packtpub.adfguide.ch14.model.entity.assoc.EmpDeptFkAssoc.EmployeeEO1"
    AssociationOtherEnd="com.packtpub.adfguide.ch14.model.entity.assoc.EmpDeptFkAssoc.DepartmentEO1"
    Type="oracle.jbo.RowIterator"
    IsUpdateable="false"/>
  <Key
    Name="DeptIdPk"
    PrimaryKey="true">
    <DesignTime>
      <Attr Name="_DBObjectName" Value="DEPT_ID_PK"/>
    </DesignTime>
    <AttrArray Name="Attributes">
      <Item Value="com.packtpub.adfguide.ch14.model.entity.DepartmentEO.DepartmentId"/>
    </AttrArray>
  </Key>
  <Key
    Name="DeptNameNn">
    <DesignTime>
      <Attr Name="_DBObjectName" Value="DEPT_NAME_NN"/>
      <Attr Name="_checkCondition" Value="DEPARTMENT_NAME IS NOT NULL"/>
      <Attr Name="_isCheck" Value="true"/>
    </DesignTime>
    <AttrArray Name="Attributes"/>
  </Key>
  <Key
    Name="DeptLocFk">
    <DesignTime>
      <Attr Name="_referencedKey" Value="LOC_ID_PK"/>
      <Attr Name="_isForeign" Value="true"/>
      <Attr Name="_DBObjectName" Value="DEPT_LOC_FK"/>
    </DesignTime>
    <AttrArray Name="Attributes">
      <Item Value="com.packtpub.adfguide.ch14.model.entity.DepartmentEO.LocationId"/>
    </AttrArray>
  </Key>
  <Key
    Name="DeptMgrFk">
    <DesignTime>
      <Attr Name="_referencedKey" Value="EMP_EMP_ID_PK"/>
      <Attr Name="_isForeign" Value="true"/>
      <Attr Name="_DBObjectName" Value="DEPT_MGR_FK"/>
    </DesignTime>
    <AttrArray Name="Attributes">
      <Item Value="com.packtpub.adfguide.ch14.model.entity.DepartmentEO.ManagerId"/>
    </AttrArray>
  </Key>
  <Permission
    target="com.packtpub.adfguide.ch14.model.entity.DepartmentEO"
    permissionClass="oracle.adf.share.security.authorization.EntityPermission">
    <privilege-map
      operation="read"
      privilege="read"/>
    <privilege-map
      operation="update"
      privilege="update"/>
    <privilege-map
      operation="removeCurrentRow"
      privilege="delete"/>
  </Permission>
</Entity>
