<?xml version = '1.0' encoding = 'UTF-8' standalone = 'yes'?>
<jazn-data xmlns:xsi="http://www.w3.org/2001/XMLSchema-instance"
           xsi:noNamespaceSchemaLocation="http://xmlns.oracle.com/oracleas/schema/jazn-data.xsd">
  <jazn-realm default="jazn.com">
    <realm>
      <name>jazn.com</name>
      <users>
        <user>
          <name>superuser</name>
          <credentials>{903}ZjJHZpk3O0RCFlvVTFd/+mrKqIJPf+8g12M6uAVMFrQ=</credentials>
        </user>
        <user>
          <name>guestuser</name>
          <credentials>{903}Qt/ML9SZPxtbwI/O/CsRtDIAItZhxZV4eKvGmV70Pc4=</credentials>
        </user>
      </users>
      <roles>
        <role>
          <name>OracleInc</name>
        </role>
      </roles>
    </realm>
  </jazn-realm>
  <policy-store>
    <applications>
      <application>
        <name>ADFDevGuideCh14</name>
        <app-roles>
          <app-role>
            <name>standard-role</name>
            <class>oracle.security.jps.service.policystore.ApplicationRole</class>
            <display-name>standard-role</display-name>
            <members>
              <member>
                <name>superuser</name>
                <class>oracle.security.jps.internal.core.principals.JpsXmlUserImpl</class>
              </member>
            </members>
          </app-role>
          <app-role>
            <name>test-all</name>
            <class>oracle.security.jps.service.policystore.ApplicationRole</class>
            <display-name>test-all</display-name>
            <members>
              <member>
                <name>anonymous-role</name>
                <class>oracle.security.jps.internal.core.principals.JpsAnonymousRoleImpl</class>
              </member>
            </members>
          </app-role>
          <app-role>
            <name>guest-role</name>
            <class>oracle.security.jps.service.policystore.ApplicationRole</class>
            <members>
              <member>
                <name>guestuser</name>
                <class>oracle.security.jps.internal.core.principals.JpsXmlUserImpl</class>
              </member>
            </members>
          </app-role>
        </app-roles>
        <resource-types>
          <resource-type>
            <name>RegionResourceType</name>
            <display-name>Web Page</display-name>
            <description>Example of registered resource type</description>
            <matcher-class>oracle.adf.share.security.authorization.RegionPermission</matcher-class>
            <actions-delimiter>,</actions-delimiter>
            <actions>view,customize,grant,personalize</actions>
          </resource-type>
          <resource-type>
            <name>ADFEntityRow</name>
            <display-name>ADF Entity Row</display-name>
            <matcher-class>oracle.security.jps.ResourcePermission</matcher-class>
            <actions-delimiter>,</actions-delimiter>
            <actions>create,delete,update</actions>
          </resource-type>
          <resource-type>
            <name>ADFMethodResourceType</name>
            <display-name>ADF Method</display-name>
            <description>ADF Method resource type</description>
            <matcher-class>oracle.adf.share.security.authorization.MethodPermission</matcher-class>
            <actions-delimiter>,</actions-delimiter>
            <actions>invoke</actions>
          </resource-type>
          <resource-type>
            <name>ADFEntityResourceType</name>
            <display-name>ADF Entity Object</display-name>
            <description>ADF Entity Object resource type</description>
            <matcher-class>oracle.adf.share.security.authorization.EntityPermission</matcher-class>
            <actions-delimiter>,</actions-delimiter>
            <actions>read,update,delete</actions>
          </resource-type>
        </resource-types>
        <resources>
          <resource>
            <name>com.packtpub.adfguide.ch14.view.pageDefs.deptPageDef</name>
            <display-name>dept (com.packtpub.adfguide.ch14.view.pageDefs)</display-name>
            <description>com.packtpub.adfguide.ch14.view.pageDefs.deptPageDef</description>
            <type-name-ref>RegionResourceType</type-name-ref>
          </resource>
          <resource>
            <name>DepartmentEO</name>
            <type-name-ref>ADFEntityRow</type-name-ref>
          </resource>
          <resource>
            <name>com.packtpub.adfguide.ch14.model.service.HRServiceAppModuleImpl.updateDeparmentDetails</name>
            <display-name>updateDeparmentDetails</display-name>
            <description>updateDeparmentDetails</description>
            <type-name-ref>ADFMethodResourceType</type-name-ref>
          </resource>
          <resource>
            <name>com.packtpub.adfguide.ch14.view.pageDefs.empPageDef</name>
            <display-name>emp (com.packtpub.adfguide.ch14.view.pageDefs)</display-name>
            <description>com.packtpub.adfguide.ch14.view.pageDefs.empPageDef</description>
            <type-name-ref>RegionResourceType</type-name-ref>
          </resource>
          <resource>
            <name>com.packtpub.adfguide.ch14.model.entity.DepartmentEO</name>
            <display-name>DepartmentEO(com.packtpub.adfguide.ch14.model.entity)</display-name>
            <description>com.packtpub.adfguide.ch14.model.entity.DepartmentEO</description>
            <type-name-ref>ADFEntityResourceType</type-name-ref>
          </resource>
        </resources>
        <permission-sets>
          <permission-set>
            <name>HRTaskFlowGrant</name>
            <display-name>HR TaskFlow Grant</display-name>
            <member-resources>
              <member-resource>
                <resource-name>com.packtpub.adfguide.ch14.view.pageDefs.deptPageDef</resource-name>
                <type-name-ref>RegionResourceType</type-name-ref>
                <display-name>dept (com.packtpub.adfguide.ch14.view.pageDefs)</display-name>
                <actions>view</actions>
              </member-resource>
              <member-resource>
                <resource-name>com.packtpub.adfguide.ch14.view.pageDefs.empPageDef</resource-name>
                <type-name-ref>RegionResourceType</type-name-ref>
                <display-name>emp (com.packtpub.adfguide.ch14.view.pageDefs)</display-name>
                <actions>view</actions>
              </member-resource>
            </member-resources>
          </permission-set>
        </permission-sets>
        <jazn-policy>
          <grant>
            <grantee>
              <principals>
                <principal>
                  <name>standard-role</name>
                  <class>oracle.security.jps.service.policystore.ApplicationRole</class>
                </principal>
              </principals>
            </grantee>
            <permissions>
              <permission>
                <class>oracle.adf.share.security.authorization.RegionPermission</class>
                <name>com.packtpub.adfguide.ch14.view.pageDefs.deptPageDef</name>
                <actions>view</actions>
              </permission>
              <permission>
                <class>oracle.adf.share.security.authorization.EntityPermission</class>
                <name>com.packtpub.adfguide.ch14.model.entity.EmployeeEO</name>
                <actions>delete,read,update</actions>
              </permission>
              <permission>
                <class>oracle.adf.share.security.authorization.EntityPermission</class>
                <name>com.packtpub.adfguide.ch14.model.entity.DepartmentEO</name>
                <actions>delete,read,update</actions>
              </permission>
              <permission>
                <class>oracle.adf.share.security.authorization.EntityAttributePermission</class>
                <name>com.packtpub.adfguide.ch14.model.entity.DepartmentEO.DepartmentName</name>
                <actions>update</actions>
              </permission>
              <permission>
                <class>oracle.adf.share.security.authorization.MethodPermission</class>
                <name>com.packtpub.adfguide.ch14.model.service.HRServiceAppModuleImpl.updateDeparmentDetails</name>
                <actions>invoke</actions>
              </permission>
              <permission>
                <class>oracle.security.jps.ResourcePermission</class>
                <name>resourceType=ADFEntityRow,resourceName=DepartmentEO</name>
                <actions>update</actions>
              </permission>
              <permission>
                <class>oracle.adf.controller.security.TaskFlowPermission</class>
                <name>/WEB-INF/dept-task-flow-definition.xml#dept-ask-flow-definition</name>
                <actions>view</actions>
              </permission>
            </permissions>
          </grant>
          <grant>
            <grantee>
              <principals>
                <principal>
                  <name>OracleInc</name>
                  <class>oracle.security.jps.internal.core.principals.JpsXmlEnterpriseRoleImpl</class>
                </principal>
              </principals>
            </grantee>
            <permissions>
              <permission>
                <class>oracle.adf.share.security.authorization.EntityPermission</class>
                <name>com.packtpub.adfguide.ch14.model.entity.DepartmentEO</name>
                <actions>read</actions>
              </permission>
            </permissions>
          </grant>
        </jazn-policy>
      </application>
    </applications>
  </policy-store>
</jazn-data>
