<?xml version="1.0" encoding="UTF-8" ?>
<pageDefinition xmlns="http://xmlns.oracle.com/adfm/uimodel" version="12.1.2.62.11" id="empDetail1PageDef"
                Package="train">
  <parameters/>
  <executables>
    <variableIterator id="variables"/>
    <iterator Binds="EmployeesForDepartment" RangeSize="25" DataControl="HRServiceAppModuleDataControl"
              id="EmployeesForDepartmentIterator"/>
  </executables>
  <bindings>
    <attributeValues IterBinding="EmployeesForDepartmentIterator" id="EmployeeId">
      <AttrNames>
        <Item Value="EmployeeId"/>
      </AttrNames>
    </attributeValues>
    <attributeValues IterBinding="EmployeesForDepartmentIterator" id="FirstName">
      <AttrNames>
        <Item Value="FirstName"/>
      </AttrNames>
    </attributeValues>
    <attributeValues IterBinding="EmployeesForDepartmentIterator" id="LastName">
      <AttrNames>
        <Item Value="LastName"/>
      </AttrNames>
    </attributeValues>
    <attributeValues IterBinding="EmployeesForDepartmentIterator" id="Email">
      <AttrNames>
        <Item Value="Email"/>
      </AttrNames>
    </attributeValues>
    <attributeValues IterBinding="EmployeesForDepartmentIterator" id="PhoneNumber">
      <AttrNames>
        <Item Value="PhoneNumber"/>
      </AttrNames>
    </attributeValues>
    <attributeValues IterBinding="EmployeesForDepartmentIterator" id="HireDate">
      <AttrNames>
        <Item Value="HireDate"/>
      </AttrNames>
    </attributeValues>
  </bindings>
</pageDefinition>
