<?xml version="1.0" encoding="UTF-8" ?>
<pageDefinition xmlns="http://xmlns.oracle.com/adfm/uimodel" version="12.1.2.62.11" id="empDetail2PageDef"
                Package="train">
  <parameters/>
  <executables>
    <variableIterator id="variables"/>
    <iterator Binds="EmployeesForDepartment" RangeSize="25" DataControl="HRServiceAppModuleDataControl"
              id="EmployeesForDepartmentIterator"/>
  </executables>
  <bindings>
    <attributeValues IterBinding="EmployeesForDepartmentIterator" id="EmployeeId">
      <AttrNames>
        <Item Value="EmployeeId"/>
      </AttrNames>
    </attributeValues>
    <attributeValues IterBinding="EmployeesForDepartmentIterator" id="Salary">
      <AttrNames>
        <Item Value="Salary"/>
      </AttrNames>
    </attributeValues>
    <attributeValues IterBinding="EmployeesForDepartmentIterator" id="CommissionPct">
      <AttrNames>
        <Item Value="CommissionPct"/>
      </AttrNames>
    </attributeValues>
    <attributeValues IterBinding="EmployeesForDepartmentIterator" id="ManagerId">
      <AttrNames>
        <Item Value="ManagerId"/>
      </AttrNames>
    </attributeValues>
    <attributeValues IterBinding="EmployeesForDepartmentIterator" id="DepartmentId">
      <AttrNames>
        <Item Value="DepartmentId"/>
      </AttrNames>
    </attributeValues>
    <attributeValues IterBinding="EmployeesForDepartmentIterator" id="DepartmentName">
      <AttrNames>
        <Item Value="DepartmentName"/>
      </AttrNames>
    </attributeValues>
    <attributeValues IterBinding="EmployeesForDepartmentIterator" id="DepartmentId1">
      <AttrNames>
        <Item Value="DepartmentId1"/>
      </AttrNames>
    </attributeValues>
  </bindings>
</pageDefinition>
