<?xml version="1.0" encoding="windows-1252" ?>
<!DOCTYPE Association SYSTEM "jbo_03_01.dtd">
<!---->
<Association
  xmlns="http://xmlns.oracle.com/bc4j"
  Name="EmpManagerFkAssoc"
  Version="11.1.2.60.81">
  <DesignTime>
    <Attr Name="_isCodegen" Value="true"/>
  </DesignTime>
  <AssociationEnd
    Name="ManagerIdEmployeeEO"
    Cardinality="1"
    Source="true"
    Owner="com.packtpub.adfguide.ch6.model.entity.EmployeeEO">
    <DesignTime>
      <Attr Name="_aggregation" Value="0"/>
      <Attr Name="_finderName" Value="ManagerIdEmployeeEO"/>
      <Attr Name="_foreignKey" Value="com.packtpub.adfguide.ch6.model.entity.EmployeeEO.EmpEmpIdPk"/>
      <Attr Name="_isUpdateable" Value="true"/>
    </DesignTime>
    <AttrArray Name="Attributes">
      <Item Value="com.packtpub.adfguide.ch6.model.entity.EmployeeEO.EmployeeId"/>
    </AttrArray>
  </AssociationEnd>
  <AssociationEnd
    Name="EmployeeEO"
    Cardinality="-1"
    Owner="com.packtpub.adfguide.ch6.model.entity.EmployeeEO">
    <DesignTime>
      <Attr Name="_aggregation" Value="0"/>
      <Attr Name="_finderName" Value="EmployeeEO"/>
      <Attr Name="_foreignKey" Value="com.packtpub.adfguide.ch6.model.entity.EmployeeEO.EmpManagerFk"/>
      <Attr Name="_isUpdateable" Value="true"/>
    </DesignTime>
    <AttrArray Name="Attributes">
      <Item Value="com.packtpub.adfguide.ch6.model.entity.EmployeeEO.ManagerId"/>
    </AttrArray>
  </AssociationEnd>
</Association>
