<?xml version="1.0" encoding="UTF-8" ?>
<pageDefinition xmlns="http://xmlns.oracle.com/adfm/uimodel" version="11.1.2.61.83" id="crudPageDef" Package="crud">
  <parameters/>
  <executables>
    <variableIterator id="variables"/>
    <iterator Binds="root" RangeSize="25" DataControl="HRServiceSessionEJBLocal" id="HRServiceSessionEJBLocalIterator"
              ChangeEventPolicy="ppr"/>
    <accessorIterator MasterBinding="HRServiceSessionEJBLocalIterator" Binds="departmentsFindAll" RangeSize="25"
                      DataControl="HRServiceSessionEJBLocal"
                      BeanClass="com.packtpub.adfguide.ch12.model.ejb.Departments" id="departmentsFindAllIterator"
                      ChangeEventPolicy="ppr"/>
  </executables>
  <bindings>
    <attributeValues IterBinding="departmentsFindAllIterator" id="departmentId">
      <AttrNames>
        <Item Value="departmentId"/>
      </AttrNames>
    </attributeValues>
    <attributeValues IterBinding="departmentsFindAllIterator" id="departmentName">
      <AttrNames>
        <Item Value="departmentName"/>
      </AttrNames>
    </attributeValues>
    <attributeValues IterBinding="departmentsFindAllIterator" id="locationId">
      <AttrNames>
        <Item Value="locationId"/>
      </AttrNames>
    </attributeValues>
    <action IterBinding="departmentsFindAllIterator" id="First" RequiresUpdateModel="true" Action="first"/>
    <action IterBinding="departmentsFindAllIterator" id="Previous" RequiresUpdateModel="true" Action="previous"/>
    <action IterBinding="departmentsFindAllIterator" id="Next" RequiresUpdateModel="true" Action="next"/>
    <action IterBinding="departmentsFindAllIterator" id="Last" RequiresUpdateModel="true" Action="last"/>
    <methodAction id="mergeDepartments" RequiresUpdateModel="true" Action="invokeMethod" MethodName="mergeDepartments"
                  IsViewObjectMethod="false" DataControl="HRServiceSessionEJBLocal"
                  InstanceName="data.HRServiceSessionEJBLocal.dataProvider"
                  ReturnName="data.HRServiceSessionEJBLocal.methodResults.mergeDepartments_HRServiceSessionEJBLocal_dataProvider_mergeDepartments_result">
      <NamedData NDName="departments" NDValue="#{bindings.departmentsFindAllIterator.currentRow.dataProvider}"
                 NDType="com.packtpub.adfguide.ch12.model.ejb.Departments"/>
    </methodAction>
    <methodAction id="persistDepartments" RequiresUpdateModel="true" Action="invokeMethod"
                  MethodName="persistDepartments" IsViewObjectMethod="false" DataControl="HRServiceSessionEJBLocal"
                  InstanceName="data.HRServiceSessionEJBLocal.dataProvider"
                  ReturnName="data.HRServiceSessionEJBLocal.methodResults.persistDepartments_HRServiceSessionEJBLocal_dataProvider_persistDepartments_result">
      <NamedData NDName="departments" NDValue="#{bindings.departmentsFindAllIterator.currentRow.dataProvider}"
                 NDType="com.packtpub.adfguide.ch12.model.ejb.Departments"/>
    </methodAction>
    <action IterBinding="departmentsFindAllIterator" id="Create" RequiresUpdateModel="true" Action="createRow"/>
    <methodAction id="removeDepartments" RequiresUpdateModel="true" Action="invokeMethod" MethodName="removeDepartments"
                  IsViewObjectMethod="false" DataControl="HRServiceSessionEJBLocal"
                  InstanceName="data.HRServiceSessionEJBLocal.dataProvider">
      <NamedData NDName="departments" NDValue="#{bindings.departmentsFindAllIterator.currentRow.dataProvider}"
                 NDType="com.packtpub.adfguide.ch12.model.ejb.Departments"/>
    </methodAction>
    <action IterBinding="departmentsFindAllIterator" id="Delete"
            InstanceName="com.packtpub.adfguide.ch12.model.ejb.HRServiceSessionEJBLocal.departmentsFindAll"
            DataControl="HRServiceSessionEJBLocal" RequiresUpdateModel="false" Action="removeCurrentRow"/>
  </bindings>
</pageDefinition>
